comuna_key,comuna,n_incendios_total,sup_afectada_total_ha,temporadas_con_registro,ocurrencia_norm,dano_norm,riesgo_hist_conaf
VALPARAISO,VALPARAISO,7624.0,45507.66,40,1.0,1.0,1.0
VINA DEL MAR,VIÑA DEL MAR,6485.0,11630.481,40,0.850603,0.255572,0.612591
QUILPUE,QUILPUE,3028.0,40920.64,40,0.397167,0.899203,0.597981
SAN ANTONIO,SAN ANTONIO,3935.0,23454.74,40,0.516133,0.515402,0.515841
VILLA ALEMANA,VILLA ALEMANA,3015.0,19490.127,40,0.395462,0.428282,0.40859
CASABLANCA,CASABLANCA,1066.0,35717.34,40,0.139822,0.784864,0.397839
CARTAGENA,CARTAGENA,1256.0,15407.79,40,0.164743,0.338576,0.234276
LIMACHE,LIMACHE,1038.0,16040.019,40,0.136149,0.352469,0.222677
LA LIGUA,LA LIGUA,883.0,14991.3,40,0.115818,0.329424,0.201261
SANTO DOMINGO,SANTO DOMINGO,485.0,18013.377,40,0.063615,0.395832,0.196502
QUILLOTA,QUILLOTA,724.0,10722.21,40,0.094963,0.235613,0.151223
ISLA DE PASCUA,ISLA DE PASCUA,432.0,9380.479,40,0.056663,0.20613,0.11645
NOGALES,NOGALES,416.0,6770.38,40,0.054565,0.148775,0.092249
QUINTERO,QUINTERO,412.0,6014.15,40,0.05404,0.132157,0.085287
ALGARROBO,ALGARROBO,592.0,4375.7,40,0.07765,0.096153,0.085051
EL QUISCO,EL QUISCO,683.0,2360.31,40,0.089586,0.051866,0.074498
HIJUELAS,HIJUELAS,255.0,5790.23,40,0.033447,0.127236,0.070963
EL TABO,EL TABO,507.0,2992.12,40,0.066501,0.06575,0.0662
OLMUE,OLMUE,408.0,3504.98,40,0.053515,0.07702,0.062917
CALERA,CALERA,252.0,4432.33,39,0.033054,0.097397,0.058791
PUCHUNCAVI,PUCHUNCAVÍ,232.0,4540.193,40,0.03043,0.099768,0.058165
ZAPALLAR,ZAPALLAR,137.0,5101.88,39,0.01797,0.11211,0.055626
LLAILLAY,LLAILLAY,92.0,3291.248,24,0.012067,0.072323,0.036169
CABILDO,CABILDO,94.0,1968.16,40,0.012329,0.043249,0.024697
CONCON,CONCON,255.0,480.49,21,0.033447,0.010558,0.024292
SAN FELIPE,SAN FELIPE,93.0,1518.13,40,0.012198,0.03336,0.020663
LA CRUZ,LA CRUZ,156.0,904.27,40,0.020462,0.019871,0.020225
PAPUDO,PAPUDO,153.0,556.65,40,0.020068,0.012232,0.016934
PANQUEHUE,PANQUEHUE,72.0,908.75,31,0.009444,0.019969,0.013654
CON-CON,CON-CON,83.0,735.28,18,0.010887,0.016157,0.012995
CATEMU,CATEMU,91.0,431.75,40,0.011936,0.009487,0.010957
PETORCA,PETORCA,35.0,405.57,40,0.004591,0.008912,0.006319
SAN ESTEBAN,SAN ESTEBAN,29.0,398.85,40,0.003804,0.008764,0.005788
CON CON,CON CON,19.0,470.6,1,0.002492,0.010341,0.005632
RINCONADA,RINCONADA,31.0,358.95,40,0.004066,0.007888,0.005595
LOS ANDES,LOS ANDES,39.0,173.51,40,0.005115,0.003813,0.004594
PUTAENDO,PUTAENDO,27.0,113.72,40,0.003541,0.002499,0.003124
CALLE LARGA,CALLE LARGA,20.0,95.56,40,0.002623,0.0021,0.002414
LLAY-LLAY,LLAY-LLAY,1.0,260.0,7,0.000131,0.005713,0.002364
JUAN FERNANDEZ,JUAN FERNANDEZ,5.0,200.17,32,0.000656,0.004399,0.002153
SANTA MARIA,SANTA MARIA,9.0,9.73,40,0.00118,0.000214,0.000794
LA CALERA,LA CALERA,3.0,46.7,1,0.000393,0.001026,0.000647
